product_id,average_daily_demand,daily_demand_std,average_lead_time_days,service_level_z,safety_stock_units,reorder_point_units,abc_class
1684862,3470409.0,0.0,2.94,1.645,0.0,10194326.0,A
1700569,904493.0,0.0,2.67,1.645,0.0,2411981.0,A
1676592,1119252.0,0.0,2.0,1.645,0.0,2238504.0,A
1684560,509739.0,0.0,3.73,1.645,0.0,1901719.0,A
1664051,873011.0,0.0,2.0,1.645,0.0,1746022.0,A
1661099,560687.0,0.0,3.0,1.645,0.0,1682061.0,A
1667927,814076.0,0.0,2.0,1.645,0.0,1628152.0,A
1683560,772283.0,0.0,2.0,1.645,0.0,1544566.0,A
1671426,523433.0,0.0,2.83,1.645,0.0,1483060.0,A
1700140,811381.0,0.0,1.82,1.645,0.0,1479577.0,A
1666524,670437.0,0.0,2.0,1.645,0.0,1340874.0,A
1700130,658352.0,0.0,2.0,1.645,0.0,1316704.0,A
1700143,654556.0,0.0,2.0,1.645,0.0,1309112.0,A
1700142,453026.0,0.0,2.0,1.645,0.0,906052.0,A
1678000,432782.0,0.0,2.0,1.645,0.0,865564.0,A
1700139,432338.0,0.0,2.0,1.645,0.0,864676.0,A
1693230,366911.0,0.0,2.0,1.645,0.0,733822.0,A
1664067,365628.0,0.0,2.0,1.645,0.0,731256.0,A
1674598,339161.0,0.0,2.0,1.645,0.0,678322.0,A
1685028,334332.0,0.0,2.0,1.645,0.0,668664.0,A
1700137,307136.0,0.0,2.0,1.645,0.0,614272.0,A
1655818,298241.0,0.0,2.0,1.645,0.0,596482.0,A
1651299,290185.0,0.0,1.9,1.645,0.0,552733.0,A
1677878,287598.0,0.0,1.89,1.645,0.0,542328.0,A
1677891,268576.0,0.0,1.97,1.645,0.0,527783.0,A
1682210,254751.0,0.0,2.0,1.645,0.0,509502.0,A
1700128,232717.0,0.0,2.0,1.645,0.0,465434.0,A
1699540,341263.0,0.0,1.36,1.645,0.0,464118.0,A
1664061,218139.0,0.0,2.0,1.645,0.0,436278.0,A
1682341,214962.0,0.0,2.0,1.645,0.0,429924.0,A
1692333,218490.0,0.0,1.86,1.645,0.0,405767.0,A
1700138,242995.0,0.0,1.6,1.645,0.0,388792.0,A
1699792,242801.0,0.0,1.6,1.645,0.0,388482.0,A
1691700,172844.0,0.0,2.0,1.645,0.0,345688.0,A
1668547,172295.0,0.0,1.99,1.645,0.0,342776.0,A
1656246,157878.0,0.0,1.93,1.645,0.0,305460.0,A
1699574,302349.0,0.0,1.0,1.645,0.0,302349.0,A
1671461,113985.0,0.0,2.25,1.645,0.0,256466.0,A
1660885,125027.0,0.0,2.0,1.645,0.0,250054.0,A
1699625,139879.0,0.0,1.78,1.645,0.0,248674.0,A
1682681,119330.0,0.0,2.0,1.645,0.0,238660.0,A
1675615,119329.0,0.0,2.0,1.645,0.0,238658.0,A
1699570,118093.0,0.0,2.0,1.645,0.0,236186.0,A
1695862,114615.0,0.0,2.0,1.645,0.0,229230.0,A
1699561,97864.0,0.0,2.2,1.645,0.0,215301.0,A
1676853,110323.0,0.0,1.93,1.645,0.0,213090.0,A
1691532,104880.0,0.0,2.0,1.645,0.0,209760.0,A
1700558,101498.0,0.0,2.0,1.645,0.0,202996.0,A
1689548,106434.0,0.0,1.76,1.645,0.0,187260.0,A
1685760,93002.0,0.0,2.0,1.645,0.0,186004.0,A
1689547,116341.0,0.0,1.59,1.645,0.0,185418.0,A
1689146,182862.0,0.0,1.0,1.645,0.0,182862.0,A
1662552,91141.0,0.0,1.95,1.645,0.0,178139.0,A
1667817,87128.0,0.0,2.0,1.645,0.0,174256.0,A
1677692,86157.0,0.0,2.0,1.645,0.0,172314.0,A
1699952,87544.0,0.0,1.95,1.645,0.0,170919.0,A
1666443,83255.0,0.0,2.0,1.645,0.0,166510.0,A
1699548,162871.0,0.0,1.0,1.645,0.0,162871.0,A
1651298,94118.0,0.0,1.72,1.645,0.0,162272.0,A
1699564,79480.0,0.0,2.0,1.645,0.0,158960.0,A
1687346,79646.0,0.0,1.98,1.645,0.0,157942.0,A
1699419,70326.0,0.0,2.15,1.645,0.0,151471.0,A
1682682,75476.0,0.0,2.0,1.645,0.0,150952.0,A
1699369,78252.0,0.0,1.84,1.645,0.0,144148.0,A
1699573,138254.0,0.0,1.0,1.645,0.0,138254.0,A
1678427,45763.0,0.0,3.0,1.645,0.0,137289.0,B
1699315,134766.0,0.0,1.0,1.645,0.0,134766.0,A
1654498,65617.0,0.0,2.0,1.645,0.0,131234.0,A
1687384,64976.0,0.0,2.0,1.645,0.0,129952.0,A
1664069,64809.0,0.0,2.0,1.645,0.0,129618.0,A
1676942,73016.0,0.0,1.72,1.645,0.0,125750.0,A
1687774,58313.0,0.0,2.0,1.645,0.0,116626.0,B
1668545,58594.0,0.0,1.99,1.645,0.0,116608.0,A
1694456,57878.0,0.0,2.0,1.645,0.0,115756.0,B
1699575,115739.0,0.0,1.0,1.645,0.0,115739.0,A
1699417,90846.0,0.0,1.23,1.645,0.0,111810.0,A
1699567,92894.0,0.0,1.2,1.645,0.0,111473.0,A
1689546,65619.0,0.0,1.62,1.645,0.0,106313.0,A
1676699,49559.0,0.0,2.0,1.645,0.0,99118.0,B
1696074,52806.0,0.0,1.86,1.645,0.0,98068.0,B
1669409,48788.0,0.0,2.0,1.645,0.0,97576.0,B
1699799,96012.0,0.0,1.0,1.645,0.0,96012.0,A
1699697,95942.0,0.0,1.0,1.645,0.0,95942.0,A
1699948,50251.0,0.0,1.87,1.645,0.0,93948.0,B
1686215,46430.0,0.0,2.0,1.645,0.0,92860.0,B
1689469,47242.0,0.0,1.94,1.645,0.0,91784.0,B
1695348,45843.0,0.0,1.97,1.645,0.0,90338.0,B
1688575,53589.0,0.0,1.66,1.645,0.0,88857.0,B
1688629,56490.0,0.0,1.52,1.645,0.0,85922.0,B
1693453,52480.0,0.0,1.62,1.645,0.0,85280.0,B
1667934,41982.0,0.0,2.0,1.645,0.0,83964.0,B
1679638,42123.0,0.0,1.97,1.645,0.0,82930.0,B
1699576,61558.0,0.0,1.33,1.645,0.0,82077.0,A
1697084,58476.0,0.0,1.39,1.645,0.0,81358.0,A
1689145,48171.0,0.0,1.66,1.645,0.0,79862.0,B
1651302,39872.0,0.0,2.0,1.645,0.0,79744.0,B
1654766,47267.0,0.0,1.67,1.645,0.0,78778.0,B
1688571,46608.0,0.0,1.61,1.645,0.0,74961.0,B
1699795,43601.0,0.0,1.71,1.645,0.0,74745.0,B
1668550,38966.0,0.0,1.86,1.645,0.0,72618.0,B
1658528,40044.0,0.0,1.81,1.645,0.0,72433.0,B
1699368,35903.0,0.0,2.0,1.645,0.0,71806.0,B
1699539,68118.0,0.0,1.0,1.645,0.0,68118.0,A
1666954,33720.0,0.0,2.0,1.645,0.0,67440.0,B
1699416,33517.0,0.0,2.0,1.645,0.0,67034.0,B
1660897,32772.0,0.0,2.0,1.645,0.0,65544.0,B
1683200,32224.0,0.0,2.0,1.645,0.0,64448.0,B
1683199,32209.0,0.0,2.0,1.645,0.0,64418.0,B
1670215,32107.0,0.0,2.0,1.645,0.0,64214.0,B
1654622,31180.0,0.0,2.0,1.645,0.0,62360.0,B
1688589,38658.0,0.0,1.61,1.645,0.0,62129.0,B
1697080,39033.0,0.0,1.55,1.645,0.0,60438.0,B
1675654,30194.0,0.0,2.0,1.645,0.0,60388.0,B
1660585,35677.0,0.0,1.68,1.645,0.0,60042.0,B
1699674,59627.0,0.0,1.0,1.645,0.0,59627.0,A
1699834,58734.0,0.0,1.0,1.645,0.0,58734.0,A
1699670,32841.0,0.0,1.75,1.645,0.0,57472.0,B
1699283,55550.0,0.0,1.0,1.645,0.0,55550.0,B
1699842,54544.0,0.0,1.0,1.645,0.0,54544.0,B
1699836,53844.0,0.0,1.0,1.645,0.0,53844.0,B
1688633,33294.0,0.0,1.58,1.645,0.0,52569.0,B
1672344,25926.0,0.0,2.0,1.645,0.0,51852.0,B
1680210,30472.0,0.0,1.69,1.645,0.0,51367.0,B
1693740,25607.0,0.0,2.0,1.645,0.0,51214.0,B
1677889,25517.0,0.0,2.0,1.645,0.0,51034.0,B
1697317,50597.0,0.0,1.0,1.645,0.0,50597.0,B
1682805,28244.0,0.0,1.78,1.645,0.0,50148.0,B
1663347,25013.0,0.0,2.0,1.645,0.0,50026.0,B
1683203,38594.0,0.0,1.29,1.645,0.0,49743.0,B
1675655,30270.0,0.0,1.64,1.645,0.0,49729.0,B
1699953,31770.0,0.0,1.56,1.645,0.0,49641.0,B
1683700,24543.0,0.0,2.0,1.645,0.0,49086.0,B
1676566,34569.0,0.0,1.4,1.645,0.0,48561.0,B
1660579,30651.0,0.0,1.56,1.645,0.0,47941.0,B
1696799,47234.0,0.0,1.0,1.645,0.0,47234.0,B
1669702,23079.0,0.0,2.0,1.645,0.0,46158.0,B
1658532,24594.0,0.0,1.84,1.645,0.0,45164.0,B
1695687,22570.0,0.0,2.0,1.645,0.0,45140.0,B
1699553,43141.0,0.0,1.05,1.645,0.0,45102.0,B
1699537,18583.0,0.0,2.4,1.645,0.0,44599.0,B
1697085,33115.0,0.0,1.35,1.645,0.0,44578.0,B
1689033,22137.0,0.0,2.0,1.645,0.0,44274.0,B
1682784,25623.0,0.0,1.72,1.645,0.0,44087.0,B
1699841,43522.0,0.0,1.0,1.645,0.0,43522.0,B
1688587,26921.0,0.0,1.59,1.645,0.0,42737.0,B
1694720,21614.0,0.0,1.95,1.645,0.0,42199.0,B
1695345,20969.0,0.0,2.0,1.645,0.0,41938.0,B
1683704,20850.0,0.0,2.0,1.645,0.0,41700.0,B
1650904,29656.0,0.0,1.39,1.645,0.0,41261.0,B
1702016,20483.0,0.0,2.0,1.645,0.0,40966.0,B
1693618,20465.0,0.0,2.0,1.645,0.0,40930.0,B
1678674,20304.0,0.0,2.0,1.645,0.0,40608.0,B
1677877,20213.0,0.0,2.0,1.645,0.0,40426.0,B
1677884,19792.0,0.0,2.0,1.645,0.0,39584.0,B
1676565,36857.0,0.0,1.07,1.645,0.0,39554.0,B
1699268,29413.0,0.0,1.33,1.645,0.0,39217.0,B
1669701,19352.0,0.0,2.0,1.645,0.0,38704.0,B
1674853,19148.0,0.0,2.0,1.645,0.0,38296.0,B
1696798,38218.0,0.0,1.0,1.645,0.0,38218.0,B
1696746,20049.0,0.0,1.9,1.645,0.0,38093.0,B
1699797,37835.0,0.0,1.0,1.645,0.0,37835.0,B
1679639,37170.0,0.0,1.0,1.645,0.0,37170.0,B
1700035,37128.0,0.0,1.0,1.645,0.0,37128.0,B
1699584,11419.0,0.0,3.2,1.645,0.0,36541.0,B
1699318,36233.0,0.0,1.0,1.645,0.0,36233.0,B
1689544,20436.0,0.0,1.77,1.645,0.0,36156.0,B
1689032,17875.0,0.0,2.0,1.645,0.0,35750.0,B
1699290,35263.0,0.0,1.0,1.645,0.0,35263.0,B
1671416,17430.0,0.0,2.0,1.645,0.0,34860.0,B
1693001,17387.0,0.0,2.0,1.645,0.0,34774.0,B
1650685,17290.0,0.0,2.0,1.645,0.0,34580.0,B
1699311,8637.0,0.0,4.0,1.645,0.0,34548.0,C
1660578,17239.0,0.0,2.0,1.645,0.0,34478.0,B
1646393,17237.0,0.0,2.0,1.645,0.0,34474.0,B
1699525,8592.0,0.0,4.0,1.645,0.0,34368.0,C
1699794,33672.0,0.0,1.0,1.645,0.0,33672.0,B
1660580,16822.0,0.0,2.0,1.645,0.0,33644.0,B
1663396,16759.0,0.0,2.0,1.645,0.0,33518.0,B
1666295,16718.0,0.0,2.0,1.645,0.0,33436.0,B
1699371,8254.0,0.0,4.0,1.645,0.0,33016.0,C
1699951,16391.0,0.0,2.0,1.645,0.0,32782.0,B
1699562,16279.0,0.0,2.0,1.645,0.0,32558.0,B
1696263,15952.0,0.0,2.0,1.645,0.0,31904.0,B
1689541,23406.0,0.0,1.31,1.645,0.0,30641.0,B
1692109,18525.0,0.0,1.65,1.645,0.0,30566.0,B
1689147,15602.0,0.0,1.92,1.645,0.0,29956.0,B
1683636,26170.0,0.0,1.12,1.645,0.0,29275.0,B
1615677,14581.0,0.0,2.0,1.645,0.0,29162.0,B
1699329,28742.0,0.0,1.0,1.645,0.0,28742.0,B
1682679,14125.0,0.0,2.0,1.645,0.0,28250.0,B
1697072,14079.0,0.0,2.0,1.645,0.0,28158.0,B
1683197,14069.0,0.0,2.0,1.645,0.0,28138.0,B
1688288,16074.0,0.0,1.75,1.645,0.0,28130.0,B
1689549,16427.0,0.0,1.7,1.645,0.0,27987.0,B
1662551,13787.0,0.0,2.0,1.645,0.0,27574.0,B
1699555,7803.0,0.0,3.43,1.645,0.0,26753.0,C
1683634,25111.0,0.0,1.07,1.645,0.0,26749.0,B
1699946,14254.0,0.0,1.87,1.645,0.0,26607.0,B
1684703,12957.0,0.0,2.0,1.645,0.0,25914.0,B
1699552,25669.0,0.0,1.0,1.645,0.0,25669.0,B
1655982,12811.0,0.0,2.0,1.645,0.0,25622.0,B
1688290,14220.0,0.0,1.78,1.645,0.0,25349.0,B
1622685,12650.0,0.0,2.0,1.645,0.0,25300.0,B
1675662,12523.0,0.0,2.0,1.645,0.0,25046.0,B
1684559,12513.0,0.0,2.0,1.645,0.0,25026.0,B
1697444,12480.0,0.0,2.0,1.645,0.0,24960.0,B
1672661,17324.0,0.0,1.42,1.645,0.0,24589.0,B
1698997,24504.0,0.0,1.0,1.645,0.0,24504.0,B
1674120,12131.0,0.0,2.0,1.645,0.0,24262.0,B
1699345,7483.0,0.0,3.2,1.645,0.0,23946.0,C
1681878,11895.0,0.0,2.0,1.645,0.0,23790.0,B
1688285,16083.0,0.0,1.46,1.645,0.0,23506.0,B
1650905,12804.0,0.0,1.82,1.645,0.0,23280.0,B
1666961,11285.0,0.0,2.0,1.645,0.0,22570.0,B
1696747,11907.0,0.0,1.86,1.645,0.0,22113.0,B
1672722,11042.0,0.0,2.0,1.645,0.0,22084.0,B
1700106,22027.0,0.0,1.0,1.645,0.0,22027.0,B
1689031,10988.0,0.0,2.0,1.645,0.0,21976.0,B
1699418,16450.0,0.0,1.33,1.645,0.0,21933.0,B
1692277,10786.0,0.0,2.0,1.645,0.0,21572.0,B
1660563,10697.0,0.0,2.0,1.645,0.0,21394.0,B
1678493,21299.0,0.0,1.0,1.645,0.0,21299.0,B
1699248,7986.0,0.0,2.67,1.645,0.0,21296.0,C
1698924,21257.0,0.0,1.0,1.645,0.0,21257.0,B
1672707,12690.0,0.0,1.67,1.645,0.0,21150.0,B
1649002,10575.0,0.0,2.0,1.645,0.0,21150.0,B
1684808,21068.0,0.0,1.0,1.645,0.0,21068.0,B
1699557,7373.0,0.0,2.86,1.645,0.0,21066.0,C
1700557,10315.0,0.0,2.0,1.645,0.0,20630.0,B
1676851,10299.0,0.0,2.0,1.645,0.0,20598.0,B
1693747,19313.0,0.0,1.05,1.645,0.0,20191.0,B
1699515,20017.0,0.0,1.0,1.645,0.0,20017.0,B
1623991,10001.0,0.0,2.0,1.645,0.0,20002.0,B
1663337,9913.0,0.0,2.0,1.645,0.0,19826.0,B
1699690,19654.0,0.0,1.0,1.645,0.0,19654.0,B
1695346,10135.0,0.0,1.93,1.645,0.0,19546.0,B
1685211,9762.0,0.0,2.0,1.645,0.0,19524.0,B
1699689,19441.0,0.0,1.0,1.645,0.0,19441.0,B
1689012,9687.0,0.0,2.0,1.645,0.0,19374.0,B
1675670,9607.0,0.0,2.0,1.645,0.0,19214.0,C
1681885,9457.0,0.0,2.0,1.645,0.0,18914.0,C
1692949,18862.0,0.0,1.0,1.645,0.0,18862.0,B
1657475,9396.0,0.0,2.0,1.645,0.0,18792.0,C
1652883,9334.0,0.0,2.0,1.645,0.0,18668.0,C
1687661,9240.0,0.0,2.0,1.645,0.0,18480.0,C
1690006,9982.0,0.0,1.85,1.645,0.0,18428.0,B
1696758,9172.0,0.0,2.0,1.645,0.0,18344.0,C
1697306,9119.0,0.0,2.0,1.645,0.0,18238.0,C
1650586,9056.0,0.0,2.0,1.645,0.0,18112.0,C
1696075,9582.0,0.0,1.89,1.645,0.0,18099.0,C
1673710,9022.0,0.0,2.0,1.645,0.0,18044.0,C
1699682,18030.0,0.0,1.0,1.645,0.0,18030.0,B
1700097,8985.0,0.0,2.0,1.645,0.0,17970.0,C
1680562,8984.0,0.0,2.0,1.645,0.0,17968.0,C
1682757,9625.0,0.0,1.87,1.645,0.0,17967.0,C
1699772,15052.0,0.0,1.19,1.645,0.0,17874.0,B
1692940,8918.0,0.0,2.0,1.645,0.0,17836.0,C
1682832,10930.0,0.0,1.63,1.645,0.0,17812.0,B
1682802,9418.0,0.0,1.87,1.645,0.0,17608.0,C
1681890,8731.0,0.0,2.0,1.645,0.0,17462.0,C
1680915,12234.0,0.0,1.42,1.645,0.0,17410.0,B
1676564,8964.0,0.0,1.92,1.645,0.0,17181.0,C
1655723,8539.0,0.0,2.0,1.645,0.0,17078.0,C
1689554,8483.0,0.0,2.0,1.645,0.0,16966.0,C
1672706,8460.0,0.0,2.0,1.645,0.0,16920.0,C
1671942,8431.0,0.0,2.0,1.645,0.0,16862.0,C
1692998,8366.0,0.0,2.0,1.645,0.0,16732.0,C
1668127,8221.0,0.0,2.0,1.645,0.0,16442.0,C
1682709,8343.0,0.0,1.95,1.645,0.0,16307.0,C
1699676,16240.0,0.0,1.0,1.645,0.0,16240.0,B
1672651,16227.0,0.0,1.0,1.645,0.0,16227.0,B
1681888,8095.0,0.0,2.0,1.645,0.0,16190.0,C
1674635,7972.0,0.0,2.0,1.645,0.0,15944.0,C
1668608,7824.0,0.0,2.0,1.645,0.0,15648.0,C
1699312,3905.0,0.0,4.0,1.645,0.0,15620.0,C
1699378,15580.0,0.0,1.0,1.645,0.0,15580.0,B
1699591,15486.0,0.0,1.0,1.645,0.0,15486.0,B
1682739,7706.0,0.0,2.0,1.645,0.0,15412.0,C
1699022,15144.0,0.0,1.0,1.645,0.0,15144.0,B
1685212,7549.0,0.0,2.0,1.645,0.0,15098.0,C
1692946,14956.0,0.0,1.0,1.645,0.0,14956.0,B
1699583,14831.0,0.0,1.0,1.645,0.0,14831.0,B
1696073,8679.0,0.0,1.69,1.645,0.0,14646.0,C
1672670,7304.0,0.0,2.0,1.645,0.0,14608.0,C
1696654,10220.0,0.0,1.43,1.645,0.0,14600.0,B
1692948,14498.0,0.0,1.0,1.645,0.0,14498.0,B
1650568,7241.0,0.0,2.0,1.645,0.0,14482.0,C
1695349,14454.0,0.0,1.0,1.645,0.0,14454.0,B
1689543,7815.0,0.0,1.81,1.645,0.0,14183.0,C
1696262,7075.0,0.0,2.0,1.645,0.0,14150.0,C
1686463,7071.0,0.0,2.0,1.645,0.0,14142.0,C
1666994,7053.0,0.0,2.0,1.645,0.0,14106.0,C
1668555,6955.0,0.0,2.0,1.645,0.0,13910.0,C
1682769,7122.0,0.0,1.95,1.645,0.0,13869.0,C
1696754,7094.0,0.0,1.95,1.645,0.0,13833.0,C
1660673,11610.0,0.0,1.19,1.645,0.0,13821.0,B
1672986,6903.0,0.0,2.0,1.645,0.0,13806.0,C
1692114,6886.0,0.0,2.0,1.645,0.0,13772.0,C
1656350,9343.0,0.0,1.47,1.645,0.0,13769.0,C
1699380,13612.0,0.0,1.0,1.645,0.0,13612.0,B
1682826,9978.0,0.0,1.35,1.645,0.0,13500.0,B
1697872,6741.0,0.0,2.0,1.645,0.0,13482.0,C
1692984,13354.0,0.0,1.0,1.645,0.0,13354.0,B
1696482,6604.0,0.0,2.0,1.645,0.0,13208.0,C
1700094,6597.0,0.0,2.0,1.645,0.0,13194.0,C
1672091,6570.0,0.0,2.0,1.645,0.0,13140.0,C
1672714,6436.0,0.0,2.0,1.645,0.0,12872.0,C
1699586,12815.0,0.0,1.0,1.645,0.0,12815.0,B
1689551,10502.0,0.0,1.21,1.645,0.0,12675.0,B
1689550,9491.0,0.0,1.33,1.645,0.0,12655.0,C
1671834,6310.0,0.0,2.0,1.645,0.0,12620.0,C
1672664,7738.0,0.0,1.62,1.645,0.0,12574.0,C
1666470,6278.0,0.0,2.0,1.645,0.0,12556.0,C
1671833,6252.0,0.0,2.0,1.645,0.0,12504.0,C
1687353,6249.0,0.0,2.0,1.645,0.0,12498.0,C
1650880,6124.0,0.0,2.0,1.645,0.0,12248.0,C
1662274,6047.0,0.0,2.0,1.645,0.0,12094.0,C
1686758,5992.0,0.0,2.0,1.645,0.0,11984.0,C
1699241,11854.0,0.0,1.0,1.645,0.0,11854.0,B
1698913,11849.0,0.0,1.0,1.645,0.0,11849.0,B
1661119,5880.0,0.0,2.0,1.645,0.0,11760.0,C
1672713,5875.0,0.0,2.0,1.645,0.0,11750.0,C
1629341,8790.0,0.0,1.33,1.645,0.0,11720.0,C
1613321,5781.0,0.0,2.0,1.645,0.0,11562.0,C
1650715,5755.0,0.0,2.0,1.645,0.0,11510.0,C
1683432,7525.0,0.0,1.53,1.645,0.0,11486.0,C
1656839,5666.0,0.0,2.0,1.645,0.0,11332.0,C
1692997,5572.0,0.0,2.0,1.645,0.0,11144.0,C
1617826,5535.0,0.0,2.0,1.645,0.0,11070.0,C
1672676,9917.0,0.0,1.11,1.645,0.0,11019.0,B
1669584,5502.0,0.0,2.0,1.645,0.0,11004.0,C
1668421,5499.0,0.0,2.0,1.645,0.0,10998.0,C
1653588,5467.0,0.0,2.0,1.645,0.0,10934.0,C
1686762,5381.0,0.0,2.0,1.645,0.0,10762.0,C
1687644,5821.0,0.0,1.83,1.645,0.0,10672.0,C
1682829,5332.0,0.0,2.0,1.645,0.0,10664.0,C
1656353,10624.0,0.0,1.0,1.645,0.0,10624.0,B
1692950,10601.0,0.0,1.0,1.645,0.0,10601.0,B
1679687,5280.0,0.0,2.0,1.645,0.0,10560.0,C
1668094,5277.0,0.0,2.0,1.645,0.0,10554.0,C
1699623,10531.0,0.0,1.0,1.645,0.0,10531.0,B
1689460,5244.0,0.0,2.0,1.645,0.0,10488.0,C
1688294,8208.0,0.0,1.27,1.645,0.0,10418.0,C
1693865,8020.0,0.0,1.29,1.645,0.0,10311.0,C
1668492,5034.0,0.0,2.0,1.645,0.0,10068.0,C
1660551,5009.0,0.0,2.0,1.645,0.0,10018.0,C
1668612,5003.0,0.0,2.0,1.645,0.0,10006.0,C
1699336,9983.0,0.0,1.0,1.645,0.0,9983.0,B
1690621,8645.0,0.0,1.15,1.645,0.0,9975.0,C
1699285,9841.0,0.0,1.0,1.645,0.0,9841.0,B
1690630,9753.0,0.0,1.0,1.645,0.0,9753.0,B
1657064,4819.0,0.0,2.0,1.645,0.0,9638.0,C
1668347,4809.0,0.0,2.0,1.645,0.0,9618.0,C
1690616,9122.0,0.0,1.03,1.645,0.0,9426.0,C
1690627,8715.0,0.0,1.08,1.645,0.0,9412.0,C
1668346,4652.0,0.0,2.0,1.645,0.0,9304.0,C
1689788,4645.0,0.0,2.0,1.645,0.0,9290.0,C
1672085,4645.0,0.0,2.0,1.645,0.0,9290.0,C
1655754,4618.0,0.0,2.0,1.645,0.0,9236.0,C
1682745,4614.0,0.0,2.0,1.645,0.0,9228.0,C
1688292,5921.0,0.0,1.55,1.645,0.0,9178.0,C
1677887,4562.0,0.0,2.0,1.645,0.0,9124.0,C
1675810,4554.0,0.0,2.0,1.645,0.0,9108.0,C
1682760,4816.0,0.0,1.87,1.645,0.0,8990.0,C
1688678,4443.0,0.0,2.0,1.645,0.0,8886.0,C
1663341,4419.0,0.0,2.0,1.645,0.0,8838.0,C
1657063,4398.0,0.0,2.0,1.645,0.0,8796.0,C
1657474,4388.0,0.0,2.0,1.645,0.0,8776.0,C
1668496,4384.0,0.0,2.0,1.645,0.0,8768.0,C
1646909,4344.0,0.0,2.0,1.645,0.0,8688.0,C
1692899,4300.0,0.0,2.0,1.645,0.0,8600.0,C
1699337,8544.0,0.0,1.0,1.645,0.0,8544.0,C
1672721,4231.0,0.0,2.0,1.645,0.0,8462.0,C
1676563,7484.0,0.0,1.12,1.645,0.0,8420.0,C
1643057,4179.0,0.0,2.0,1.645,0.0,8358.0,C
1620510,4177.0,0.0,2.0,1.645,0.0,8354.0,C
1672345,4169.0,0.0,2.0,1.645,0.0,8338.0,C
1690619,8242.0,0.0,1.0,1.645,0.0,8242.0,C
1660677,8191.0,0.0,1.0,1.645,0.0,8191.0,C
1699694,8088.0,0.0,1.0,1.645,0.0,8088.0,C
1690628,7994.0,0.0,1.0,1.645,0.0,7994.0,C
1702652,7939.0,0.0,1.0,1.645,0.0,7939.0,C
1697081,4408.0,0.0,1.8,1.645,0.0,7934.0,C
1696757,3955.0,0.0,2.0,1.645,0.0,7910.0,C
1699465,7893.0,0.0,1.0,1.645,0.0,7893.0,C
1683191,5055.0,0.0,1.56,1.645,0.0,7863.0,C
1682736,5983.0,0.0,1.31,1.645,0.0,7853.0,C
1672117,3923.0,0.0,2.0,1.645,0.0,7846.0,C
1644308,7750.0,0.0,1.0,1.645,0.0,7750.0,C
1699220,1931.0,0.0,4.0,1.645,0.0,7724.0,C
1688610,6365.0,0.0,1.2,1.645,0.0,7638.0,C
1666958,3813.0,0.0,2.0,1.645,0.0,7626.0,C
1652644,3811.0,0.0,2.0,1.645,0.0,7622.0,C
1699771,5715.0,0.0,1.33,1.645,0.0,7620.0,C
1691544,3722.0,0.0,2.0,1.645,0.0,7444.0,C
1686401,7435.0,0.0,1.0,1.645,0.0,7435.0,C
1677229,3675.0,0.0,2.0,1.645,0.0,7350.0,C
1670203,3634.0,0.0,2.0,1.645,0.0,7268.0,C
1668099,3628.0,0.0,2.0,1.645,0.0,7256.0,C
1696756,3556.0,0.0,2.0,1.645,0.0,7112.0,C
1688824,3537.0,0.0,2.0,1.645,0.0,7074.0,C
1680561,3531.0,0.0,2.0,1.645,0.0,7062.0,C
1651366,6614.0,0.0,1.0,1.645,0.0,6614.0,C
1654623,3281.0,0.0,2.0,1.645,0.0,6562.0,C
1687354,3278.0,0.0,2.0,1.645,0.0,6556.0,C
1666507,3249.0,0.0,2.0,1.645,0.0,6498.0,C
1682754,3201.0,0.0,2.0,1.645,0.0,6402.0,C
1678652,3175.0,0.0,2.0,1.645,0.0,6350.0,C
1657013,3171.0,0.0,2.0,1.645,0.0,6342.0,C
1652604,3121.0,0.0,2.0,1.645,0.0,6242.0,C
1698977,5196.0,0.0,1.2,1.645,0.0,6235.0,C
1652080,3106.0,0.0,2.0,1.645,0.0,6212.0,C
1699372,6174.0,0.0,1.0,1.645,0.0,6174.0,C
1655373,3086.0,0.0,2.0,1.645,0.0,6172.0,C
1699333,1529.0,0.0,4.0,1.645,0.0,6116.0,C
1683392,3862.0,0.0,1.58,1.645,0.0,6115.0,C
1666441,3055.0,0.0,2.0,1.645,0.0,6110.0,C
1683409,3026.0,0.0,2.0,1.645,0.0,6052.0,C
1699242,6051.0,0.0,1.0,1.645,0.0,6051.0,C
1654621,3022.0,0.0,2.0,1.645,0.0,6044.0,C
1678494,3008.0,0.0,2.0,1.645,0.0,6016.0,C
1684170,3002.0,0.0,2.0,1.645,0.0,6004.0,C
1662395,2999.0,0.0,2.0,1.645,0.0,5998.0,C
1644050,2993.0,0.0,2.0,1.645,0.0,5986.0,C
1697884,5910.0,0.0,1.0,1.645,0.0,5910.0,C
1666519,2951.0,0.0,2.0,1.645,0.0,5902.0,C
1672347,2928.0,0.0,2.0,1.645,0.0,5856.0,C
1699769,2909.0,0.0,2.0,1.645,0.0,5818.0,C
1693700,3089.0,0.0,1.88,1.645,0.0,5792.0,C
1700141,2893.0,0.0,2.0,1.645,0.0,5786.0,C
1690614,5687.0,0.0,1.0,1.645,0.0,5687.0,C
1689545,5673.0,0.0,1.0,1.645,0.0,5673.0,C
1697083,2825.0,0.0,2.0,1.645,0.0,5650.0,C
1687491,4045.0,0.0,1.38,1.645,0.0,5562.0,C
1699950,2752.0,0.0,2.0,1.645,0.0,5504.0,C
1683935,2745.0,0.0,2.0,1.645,0.0,5490.0,C
1649008,2728.0,0.0,2.0,1.645,0.0,5456.0,C
1683419,2689.0,0.0,2.0,1.645,0.0,5378.0,C
1672110,2688.0,0.0,2.0,1.645,0.0,5376.0,C
1692402,2686.0,0.0,2.0,1.645,0.0,5372.0,C
1693626,3268.0,0.0,1.62,1.645,0.0,5310.0,C
1699231,5284.0,0.0,1.0,1.645,0.0,5284.0,C
1662238,2636.0,0.0,2.0,1.645,0.0,5272.0,C
1692108,4140.0,0.0,1.27,1.645,0.0,5269.0,C
1699700,5250.0,0.0,1.0,1.645,0.0,5250.0,C
1651126,2599.0,0.0,2.0,1.645,0.0,5198.0,C
1682853,2598.0,0.0,2.0,1.645,0.0,5196.0,C
1635536,2573.0,0.0,2.0,1.645,0.0,5146.0,C
1672034,2568.0,0.0,2.0,1.645,0.0,5136.0,C
1662317,2491.0,0.0,2.0,1.645,0.0,4982.0,C
1695817,2477.0,0.0,2.0,1.645,0.0,4954.0,C
1668607,2451.0,0.0,2.0,1.645,0.0,4902.0,C
1668345,2450.0,0.0,2.0,1.645,0.0,4900.0,C
1672000,2434.0,0.0,2.0,1.645,0.0,4868.0,C
1699249,4842.0,0.0,1.0,1.645,0.0,4842.0,C
1668344,4691.0,0.0,1.0,1.645,0.0,4691.0,C
1671939,2342.0,0.0,2.0,1.645,0.0,4684.0,C
1671832,2326.0,0.0,2.0,1.645,0.0,4652.0,C
1699954,2322.0,0.0,2.0,1.645,0.0,4644.0,C
1682742,4630.0,0.0,1.0,1.645,0.0,4630.0,C
1699524,4600.0,0.0,1.0,1.645,0.0,4600.0,C
1668554,2299.0,0.0,2.0,1.645,0.0,4598.0,C
1699666,4560.0,0.0,1.0,1.645,0.0,4560.0,C
1649007,2272.0,0.0,2.0,1.645,0.0,4544.0,C
1690144,2235.0,0.0,2.0,1.645,0.0,4470.0,C
1668606,2218.0,0.0,2.0,1.645,0.0,4436.0,C
1660583,2212.0,0.0,2.0,1.645,0.0,4424.0,C
1682793,2206.0,0.0,2.0,1.645,0.0,4412.0,C
1699326,4385.0,0.0,1.0,1.645,0.0,4385.0,C
1696488,2187.0,0.0,2.0,1.645,0.0,4374.0,C
1653969,2166.0,0.0,2.0,1.645,0.0,4332.0,C
1696748,2161.0,0.0,2.0,1.645,0.0,4322.0,C
1692113,2140.0,0.0,2.0,1.645,0.0,4280.0,C
1666466,2140.0,0.0,2.0,1.645,0.0,4280.0,C
1686657,2136.0,0.0,2.0,1.645,0.0,4272.0,C
1699298,4258.0,0.0,1.0,1.645,0.0,4258.0,C
1690617,3643.0,0.0,1.17,1.645,0.0,4250.0,C
1692955,2119.0,0.0,2.0,1.645,0.0,4238.0,C
1699770,3355.0,0.0,1.25,1.645,0.0,4194.0,C
1693019,2094.0,0.0,2.0,1.645,0.0,4188.0,C
1699768,2054.0,0.0,2.0,1.645,0.0,4108.0,C
1700382,3137.0,0.0,1.3,1.645,0.0,4078.0,C
1685329,2031.0,0.0,2.0,1.645,0.0,4062.0,C
1697086,2170.0,0.0,1.86,1.645,0.0,4030.0,C
1662554,2011.0,0.0,2.0,1.645,0.0,4022.0,C
1699184,3928.0,0.0,1.0,1.645,0.0,3928.0,C
1696456,1959.0,0.0,2.0,1.645,0.0,3918.0,C
1644200,1956.0,0.0,2.0,1.645,0.0,3912.0,C
1651377,1929.0,0.0,2.0,1.645,0.0,3858.0,C
1620552,1927.0,0.0,2.0,1.645,0.0,3854.0,C
1690001,1914.0,0.0,2.0,1.645,0.0,3828.0,C
1692106,1907.0,0.0,2.0,1.645,0.0,3814.0,C
1699526,3787.0,0.0,1.0,1.645,0.0,3787.0,C
1699798,3775.0,0.0,1.0,1.645,0.0,3775.0,C
1683282,1879.0,0.0,2.0,1.645,0.0,3758.0,C
1699327,926.0,0.0,4.0,1.645,0.0,3704.0,C
1689457,1844.0,0.0,2.0,1.645,0.0,3688.0,C
1683407,1833.0,0.0,2.0,1.645,0.0,3666.0,C
1697087,1999.0,0.0,1.83,1.645,0.0,3665.0,C
1697874,1817.0,0.0,2.0,1.645,0.0,3634.0,C
1680245,1816.0,0.0,2.0,1.645,0.0,3632.0,C
1699314,3585.0,0.0,1.0,1.645,0.0,3585.0,C
1692722,3581.0,0.0,1.0,1.645,0.0,3581.0,C
1699766,1783.0,0.0,2.0,1.645,0.0,3566.0,C
1699310,3538.0,0.0,1.0,1.645,0.0,3538.0,C
1682648,1905.0,0.0,1.86,1.645,0.0,3538.0,C
1696954,1741.0,0.0,2.0,1.645,0.0,3482.0,C
1682835,2486.0,0.0,1.38,1.645,0.0,3418.0,C
1692708,3397.0,0.0,1.0,1.645,0.0,3397.0,C
1696260,1690.0,0.0,2.0,1.645,0.0,3380.0,C
1683633,3374.0,0.0,1.0,1.645,0.0,3374.0,C
1699308,3312.0,0.0,1.0,1.645,0.0,3312.0,C
1689553,1632.0,0.0,2.0,1.645,0.0,3264.0,C
1652887,1630.0,0.0,2.0,1.645,0.0,3260.0,C
1678648,1627.0,0.0,2.0,1.645,0.0,3254.0,C
1690171,1559.0,0.0,2.0,1.645,0.0,3118.0,C
1660153,1547.0,0.0,2.0,1.645,0.0,3094.0,C
1695139,1540.0,0.0,2.0,1.645,0.0,3080.0,C
1700366,2458.0,0.0,1.25,1.645,0.0,3072.0,C
1683405,1670.0,0.0,1.83,1.645,0.0,3062.0,C
1685214,1527.0,0.0,2.0,1.645,0.0,3054.0,C
1690634,3039.0,0.0,1.0,1.645,0.0,3039.0,C
1689785,1519.0,0.0,2.0,1.645,0.0,3038.0,C
1636236,1518.0,0.0,2.0,1.645,0.0,3036.0,C
1666992,1507.0,0.0,2.0,1.645,0.0,3014.0,C
1672720,1506.0,0.0,2.0,1.645,0.0,3012.0,C
1655985,1502.0,0.0,2.0,1.645,0.0,3004.0,C
1699425,1495.0,0.0,2.0,1.645,0.0,2990.0,C
1689780,1480.0,0.0,2.0,1.645,0.0,2960.0,C
1682859,1454.0,0.0,2.0,1.645,0.0,2908.0,C
1699571,2886.0,0.0,1.0,1.645,0.0,2886.0,C
1692987,1426.0,0.0,2.0,1.645,0.0,2852.0,C
1700980,2840.0,0.0,1.0,1.645,0.0,2840.0,C
1682772,1575.0,0.0,1.8,1.645,0.0,2835.0,C
1692956,1417.0,0.0,2.0,1.645,0.0,2834.0,C
1683403,1414.0,0.0,2.0,1.645,0.0,2828.0,C
1681688,1413.0,0.0,2.0,1.645,0.0,2826.0,C
1682763,1566.0,0.0,1.8,1.645,0.0,2819.0,C
1697781,1403.0,0.0,2.0,1.645,0.0,2806.0,C
1699696,2765.0,0.0,1.0,1.645,0.0,2765.0,C
1699239,2758.0,0.0,1.0,1.645,0.0,2758.0,C
1643056,1378.0,0.0,2.0,1.645,0.0,2756.0,C
1699433,2747.0,0.0,1.0,1.645,0.0,2747.0,C
1668362,2724.0,0.0,1.0,1.645,0.0,2724.0,C
1689556,1361.0,0.0,2.0,1.645,0.0,2722.0,C
1664346,1360.0,0.0,2.0,1.645,0.0,2720.0,C
1688600,1358.0,0.0,2.0,1.645,0.0,2716.0,C
1656348,2699.0,0.0,1.0,1.645,0.0,2699.0,C
1700118,1341.0,0.0,2.0,1.645,0.0,2682.0,C
1660668,2650.0,0.0,1.0,1.645,0.0,2650.0,C
1699188,2637.0,0.0,1.0,1.645,0.0,2637.0,C
1683558,2634.0,0.0,1.0,1.645,0.0,2634.0,C
1683424,2335.0,0.0,1.12,1.645,0.0,2627.0,C
1636782,1312.0,0.0,2.0,1.645,0.0,2624.0,C
1700570,1309.0,0.0,2.0,1.645,0.0,2618.0,C
1652611,1308.0,0.0,2.0,1.645,0.0,2616.0,C
1682796,1465.0,0.0,1.75,1.645,0.0,2564.0,C
1686756,1278.0,0.0,2.0,1.645,0.0,2556.0,C
1682594,1276.0,0.0,2.0,1.645,0.0,2552.0,C
1652615,1271.0,0.0,2.0,1.645,0.0,2542.0,C
1680781,1270.0,0.0,2.0,1.645,0.0,2540.0,C
1682751,1811.0,0.0,1.4,1.645,0.0,2535.0,C
1682865,1224.0,0.0,2.0,1.645,0.0,2448.0,C
1701406,1829.0,0.0,1.33,1.645,0.0,2439.0,C
1699675,2366.0,0.0,1.0,1.645,0.0,2366.0,C
1698988,2312.0,0.0,1.0,1.645,0.0,2312.0,C
1700362,1931.0,0.0,1.17,1.645,0.0,2253.0,C
1699993,1108.0,0.0,2.0,1.645,0.0,2216.0,C
1681882,1086.0,0.0,2.0,1.645,0.0,2172.0,C
1681883,1067.0,0.0,2.0,1.645,0.0,2134.0,C
1701462,1064.0,0.0,2.0,1.645,0.0,2128.0,C
1621717,1058.0,0.0,2.0,1.645,0.0,2116.0,C
1690092,1055.0,0.0,2.0,1.645,0.0,2110.0,C
1696210,1043.0,0.0,2.0,1.645,0.0,2086.0,C
1697067,1042.0,0.0,2.0,1.645,0.0,2084.0,C
1699173,2050.0,0.0,1.0,1.645,0.0,2050.0,C
1681687,1023.0,0.0,2.0,1.645,0.0,2046.0,C
1699246,2012.0,0.0,1.0,1.645,0.0,2012.0,C
1699691,1982.0,0.0,1.0,1.645,0.0,1982.0,C
1700121,974.0,0.0,2.0,1.645,0.0,1948.0,C
1697071,971.0,0.0,2.0,1.645,0.0,1942.0,C
1699793,1910.0,0.0,1.0,1.645,0.0,1910.0,C
1641237,941.0,0.0,2.0,1.645,0.0,1882.0,C
1684755,1559.0,0.0,1.2,1.645,0.0,1871.0,C
1700958,932.0,0.0,2.0,1.645,0.0,1864.0,C
1685952,928.0,0.0,2.0,1.645,0.0,1856.0,C
1672245,920.0,0.0,2.0,1.645,0.0,1840.0,C
1702654,1830.0,0.0,1.0,1.645,0.0,1830.0,C
1668097,912.0,0.0,2.0,1.645,0.0,1824.0,C
1700738,1811.0,0.0,1.0,1.645,0.0,1811.0,C
1685330,905.0,0.0,2.0,1.645,0.0,1810.0,C
1702653,1800.0,0.0,1.0,1.645,0.0,1800.0,C
1645070,899.0,0.0,2.0,1.645,0.0,1798.0,C
1682799,1174.0,0.0,1.5,1.645,0.0,1761.0,C
1701405,1409.0,0.0,1.25,1.645,0.0,1761.0,C
1672006,877.0,0.0,2.0,1.645,0.0,1754.0,C
1653237,866.0,0.0,2.0,1.645,0.0,1732.0,C
1666957,857.0,0.0,2.0,1.645,0.0,1714.0,C
1650404,848.0,0.0,2.0,1.645,0.0,1696.0,C
1672712,811.0,0.0,2.0,1.645,0.0,1622.0,C
1697230,806.0,0.0,2.0,1.645,0.0,1612.0,C
1696752,964.0,0.0,1.67,1.645,0.0,1607.0,C
1693192,802.0,0.0,2.0,1.645,0.0,1604.0,C
1669685,798.0,0.0,2.0,1.645,0.0,1596.0,C
1644062,796.0,0.0,2.0,1.645,0.0,1592.0,C
1689601,790.0,0.0,2.0,1.645,0.0,1580.0,C
1668557,784.0,0.0,2.0,1.645,0.0,1568.0,C
1699976,940.0,0.0,1.67,1.645,0.0,1567.0,C
1693105,1553.0,0.0,1.0,1.645,0.0,1553.0,C
1689782,930.0,0.0,1.67,1.645,0.0,1550.0,C
1650400,771.0,0.0,2.0,1.645,0.0,1542.0,C
1696149,768.0,0.0,2.0,1.645,0.0,1536.0,C
1699361,1534.0,0.0,1.0,1.645,0.0,1534.0,C
1699353,1495.0,0.0,1.0,1.645,0.0,1495.0,C
1699135,1474.0,0.0,1.0,1.645,0.0,1474.0,C
1697883,1471.0,0.0,1.0,1.645,0.0,1471.0,C
1617714,701.0,0.0,2.0,1.645,0.0,1402.0,C
1699844,1402.0,0.0,1.0,1.645,0.0,1402.0,C
1667126,697.0,0.0,2.0,1.645,0.0,1394.0,C
1689786,692.0,0.0,2.0,1.645,0.0,1384.0,C
1683190,1371.0,0.0,1.0,1.645,0.0,1371.0,C
1652538,684.0,0.0,2.0,1.645,0.0,1368.0,C
1692723,1360.0,0.0,1.0,1.645,0.0,1360.0,C
1682914,672.0,0.0,2.0,1.645,0.0,1344.0,C
1692974,670.0,0.0,2.0,1.645,0.0,1340.0,C
1668343,668.0,0.0,2.0,1.645,0.0,1336.0,C
1685333,660.0,0.0,2.0,1.645,0.0,1320.0,C
1681699,660.0,0.0,2.0,1.645,0.0,1320.0,C
1668128,657.0,0.0,2.0,1.645,0.0,1314.0,C
1685963,654.0,0.0,2.0,1.645,0.0,1308.0,C
1700657,646.0,0.0,2.0,1.645,0.0,1292.0,C
1683387,641.0,0.0,2.0,1.645,0.0,1282.0,C
1685332,640.0,0.0,2.0,1.645,0.0,1280.0,C
1699265,1279.0,0.0,1.0,1.645,0.0,1279.0,C
1672088,638.0,0.0,2.0,1.645,0.0,1276.0,C
1652630,634.0,0.0,2.0,1.645,0.0,1268.0,C
1690294,632.0,0.0,2.0,1.645,0.0,1264.0,C
1682651,627.0,0.0,2.0,1.645,0.0,1254.0,C
1682908,624.0,0.0,2.0,1.645,0.0,1248.0,C
1671247,622.0,0.0,2.0,1.645,0.0,1244.0,C
1621719,617.0,0.0,2.0,1.645,0.0,1234.0,C
1699665,1228.0,0.0,1.0,1.645,0.0,1228.0,C
1696476,610.0,0.0,2.0,1.645,0.0,1220.0,C
1699949,610.0,0.0,2.0,1.645,0.0,1220.0,C
1652499,609.0,0.0,2.0,1.645,0.0,1218.0,C
1682730,1216.0,0.0,1.0,1.645,0.0,1216.0,C
1681701,606.0,0.0,2.0,1.645,0.0,1212.0,C
1689781,605.0,0.0,2.0,1.645,0.0,1210.0,C
1682748,604.0,0.0,2.0,1.645,0.0,1208.0,C
1668639,598.0,0.0,2.0,1.645,0.0,1196.0,C
1689784,597.0,0.0,2.0,1.645,0.0,1194.0,C
1698930,1192.0,0.0,1.0,1.645,0.0,1192.0,C
1699172,1191.0,0.0,1.0,1.645,0.0,1191.0,C
1684796,591.0,0.0,2.0,1.645,0.0,1182.0,C
1692115,590.0,0.0,2.0,1.645,0.0,1180.0,C
1699424,588.0,0.0,2.0,1.645,0.0,1176.0,C
1695062,587.0,0.0,2.0,1.645,0.0,1174.0,C
1683388,1165.0,0.0,1.0,1.645,0.0,1165.0,C
1690632,1160.0,0.0,1.0,1.645,0.0,1160.0,C
1671246,576.0,0.0,2.0,1.645,0.0,1152.0,C
1671836,576.0,0.0,2.0,1.645,0.0,1152.0,C
1689461,576.0,0.0,2.0,1.645,0.0,1152.0,C
1689298,571.0,0.0,2.0,1.645,0.0,1142.0,C
1650571,563.0,0.0,2.0,1.645,0.0,1126.0,C
1684005,562.0,0.0,2.0,1.645,0.0,1124.0,C
1654497,561.0,0.0,2.0,1.645,0.0,1122.0,C
1683635,548.0,0.0,2.0,1.645,0.0,1096.0,C
1660577,548.0,0.0,2.0,1.645,0.0,1096.0,C
1684709,815.0,0.0,1.33,1.645,0.0,1087.0,C
1693122,516.0,0.0,2.0,1.645,0.0,1032.0,C
1700105,497.0,0.0,2.0,1.645,0.0,994.0,C
1693117,978.0,0.0,1.0,1.645,0.0,978.0,C
1657437,480.0,0.0,2.0,1.645,0.0,960.0,C
1670498,476.0,0.0,2.0,1.645,0.0,952.0,C
1687689,463.0,0.0,2.0,1.645,0.0,926.0,C
1683426,613.0,0.0,1.5,1.645,0.0,920.0,C
1666990,449.0,0.0,2.0,1.645,0.0,898.0,C
1651350,434.0,0.0,2.0,1.645,0.0,868.0,C
1654251,422.0,0.0,2.0,1.645,0.0,844.0,C
1699325,844.0,0.0,1.0,1.645,0.0,844.0,C
1699546,837.0,0.0,1.0,1.645,0.0,837.0,C
1681379,414.0,0.0,2.0,1.645,0.0,828.0,C
1691548,408.0,0.0,2.0,1.645,0.0,816.0,C
1687521,407.0,0.0,2.0,1.645,0.0,814.0,C
1699974,393.0,0.0,2.0,1.645,0.0,786.0,C
1671997,389.0,0.0,2.0,1.645,0.0,778.0,C
1666317,382.0,0.0,2.0,1.645,0.0,764.0,C
1679995,380.0,0.0,2.0,1.645,0.0,760.0,C
1682814,373.0,0.0,2.0,1.645,0.0,746.0,C
1680740,746.0,0.0,1.0,1.645,0.0,746.0,C
1671951,367.0,0.0,2.0,1.645,0.0,734.0,C
1693104,365.0,0.0,2.0,1.645,0.0,730.0,C
1699556,724.0,0.0,1.0,1.645,0.0,724.0,C
1693101,359.0,0.0,2.0,1.645,0.0,718.0,C
1674380,358.0,0.0,2.0,1.645,0.0,716.0,C
1692737,712.0,0.0,1.0,1.645,0.0,712.0,C
1701972,350.0,0.0,2.0,1.645,0.0,700.0,C
1686764,348.0,0.0,2.0,1.645,0.0,696.0,C
1692724,690.0,0.0,1.0,1.645,0.0,690.0,C
1696533,688.0,0.0,1.0,1.645,0.0,688.0,C
1702224,339.0,0.0,2.0,1.645,0.0,678.0,C
1689779,337.0,0.0,2.0,1.645,0.0,674.0,C
1685076,334.0,0.0,2.0,1.645,0.0,668.0,C
1700875,333.0,0.0,2.0,1.645,0.0,666.0,C
1680503,332.0,0.0,2.0,1.645,0.0,664.0,C
1671807,329.0,0.0,2.0,1.645,0.0,658.0,C
1671248,329.0,0.0,2.0,1.645,0.0,658.0,C
1692656,652.0,0.0,1.0,1.645,0.0,652.0,C
1690143,324.0,0.0,2.0,1.645,0.0,648.0,C
1682982,320.0,0.0,2.0,1.645,0.0,640.0,C
1699955,319.0,0.0,2.0,1.645,0.0,638.0,C
1686435,637.0,0.0,1.0,1.645,0.0,637.0,C
1675746,318.0,0.0,2.0,1.645,0.0,636.0,C
1680961,318.0,0.0,2.0,1.645,0.0,636.0,C
1690004,315.0,0.0,2.0,1.645,0.0,630.0,C
1695138,312.0,0.0,2.0,1.645,0.0,624.0,C
1680738,622.0,0.0,1.0,1.645,0.0,622.0,C
1656969,310.0,0.0,2.0,1.645,0.0,620.0,C
1646392,308.0,0.0,2.0,1.645,0.0,616.0,C
1651933,307.0,0.0,2.0,1.645,0.0,614.0,C
1666959,305.0,0.0,2.0,1.645,0.0,610.0,C
1683999,303.0,0.0,2.0,1.645,0.0,606.0,C
1691546,301.0,0.0,2.0,1.645,0.0,602.0,C
1682983,301.0,0.0,2.0,1.645,0.0,602.0,C
1682959,301.0,0.0,2.0,1.645,0.0,602.0,C
1642993,300.0,0.0,2.0,1.645,0.0,600.0,C
1700869,590.0,0.0,1.0,1.645,0.0,590.0,C
1680966,294.0,0.0,2.0,1.645,0.0,588.0,C
1690145,294.0,0.0,2.0,1.645,0.0,588.0,C
1699166,581.0,0.0,1.0,1.645,0.0,581.0,C
1700014,289.0,0.0,2.0,1.645,0.0,578.0,C
1698898,289.0,0.0,2.0,1.645,0.0,578.0,C
1683354,289.0,0.0,2.0,1.645,0.0,578.0,C
1669740,289.0,0.0,2.0,1.645,0.0,578.0,C
1662991,288.0,0.0,2.0,1.645,0.0,576.0,C
1700003,287.0,0.0,2.0,1.645,0.0,574.0,C
1681377,287.0,0.0,2.0,1.645,0.0,574.0,C
1690327,285.0,0.0,2.0,1.645,0.0,570.0,C
1680249,280.0,0.0,2.0,1.645,0.0,560.0,C
1674378,277.0,0.0,2.0,1.645,0.0,554.0,C
1689641,276.0,0.0,2.0,1.645,0.0,552.0,C
1688598,275.0,0.0,2.0,1.645,0.0,550.0,C
1689296,273.0,0.0,2.0,1.645,0.0,546.0,C
1652885,270.0,0.0,2.0,1.645,0.0,540.0,C
1668716,264.0,0.0,2.0,1.645,0.0,528.0,C
1678759,264.0,0.0,2.0,1.645,0.0,528.0,C
1681700,264.0,0.0,2.0,1.645,0.0,528.0,C
1680246,263.0,0.0,2.0,1.645,0.0,526.0,C
1688621,262.0,0.0,2.0,1.645,0.0,524.0,C
1682790,521.0,0.0,1.0,1.645,0.0,521.0,C
1639636,259.0,0.0,2.0,1.645,0.0,518.0,C
1677690,259.0,0.0,2.0,1.645,0.0,518.0,C
1656347,258.0,0.0,2.0,1.645,0.0,516.0,C
1684497,257.0,0.0,2.0,1.645,0.0,514.0,C
1681376,256.0,0.0,2.0,1.645,0.0,512.0,C
1685213,254.0,0.0,2.0,1.645,0.0,508.0,C
1666396,251.0,0.0,2.0,1.645,0.0,502.0,C
1656944,251.0,0.0,2.0,1.645,0.0,502.0,C
1679991,243.0,0.0,2.0,1.645,0.0,486.0,C
1637055,240.0,0.0,2.0,1.645,0.0,480.0,C
1685321,239.0,0.0,2.0,1.645,0.0,478.0,C
1700887,411.0,0.0,1.0,1.645,0.0,411.0,C
1691393,402.0,0.0,1.0,1.645,0.0,402.0,C
1692994,375.0,0.0,1.0,1.645,0.0,375.0,C
1683401,334.0,0.0,1.0,1.645,0.0,334.0,C
1692731,333.0,0.0,1.0,1.645,0.0,333.0,C
1682850,305.0,0.0,1.0,1.645,0.0,305.0,C
1690631,286.0,0.0,1.0,1.645,0.0,286.0,C
1683430,278.0,0.0,1.0,1.645,0.0,278.0,C
1689783,278.0,0.0,1.0,1.645,0.0,278.0,C
1696753,277.0,0.0,1.0,1.645,0.0,277.0,C
1683293,248.0,0.0,1.0,1.645,0.0,248.0,C
